 <!DOCTYPE log4j:configuration SYSTEM "log4j.dtd">
<log4j:configuration>
	<appender name="console" class="org.apache.log4j.ConsoleAppender">
		<param name="Target" value="System.out" />
		<param name="Threshold" value="TRACE" />
		<layout class="org.apache.log4j.PatternLayout">
			<param name="ConversionPattern"
				value="%F, %5p, %m%n" />
		</layout>
	</appender>
	<appender name="trace" class="org.apache.log4j.RollingFileAppender">
		<param name="append" value="false" />
		<param name="file" value="${rootPath}/Trace.html" />
		<layout class="org.apache.log4j.HTMLLayout">
			<param name="ConversionPattern"
				value="%F, %5p, %m%n" />
		</layout>
	</appender>

	<appender name="error" class="org.apache.log4j.RollingFileAppender">
		<param name="append" value="false" />
		<param name="Threshold" value="ERROR" />
		<param name="file" value="${rootPath}/Error.html" />
		<layout class="org.apache.log4j.HTMLLayout">
			<param name="ConversionPattern"
				value="%F, %5p, %m%n" />
		</layout>
	</appender>

	<logger name="org.mortbay.log">
		<level value="FATAL" />
	</logger>

	<logger name="org.apache.http">
		<level value="FATAL" />
	</logger>

	<logger name="org.apache.http.headers">
		<level value="FATAL" />
	</logger>

	<root>
		<level value="TRACE" />
		<appender-ref ref="error" />
		<appender-ref ref="trace" />
		<appender-ref ref="console" />
	</root>
</log4j:configuration>