<?xml version="1.0" encoding="UTF-8"?>
<plugins>
	<!-- Test Case Access -->
	<variable>
		<name>ExcelTestCaseAccess</name>
		<value>
			<classname>cbf.testaccess.ExcelTestCaseAccess</classname>
			<parameters>
				<folderpath>
				</folderpath>
				<enableIterationSelection>TBD</enableIterationSelection>
				<enableStepSelection>TBD</enableStepSelection>
			</parameters>
		</value>
	</variable>

	<variable>
		<name>DesignerTestCaseAccess</name>
		<value>
			<classname>cbf.testaccess.DesignerTestCaseAccess</classname>
			<parameters>
				<url>http://10.51.25.52:8585/designer/api</url>
				<username>sprint</username>
				<password>sprint123</password>
				<projectname>TBD</projectname>
				<version>TBD</version>
			</parameters>
		</value>
	</variable>

	<!--Data Access -->

	<variable>
		<name>ExcelDataAccess</name>
		<value>
			<classname>cbf.data.ExcelAccess</classname>
			<parameters>
				<folderpath>
				</folderpath>
			</parameters>
		</value>
	</variable>

	<variable>
		<name>DBDataAccess</name>
		<value>
			<classname>cbf.data.DbAccess</classname>
			<parameters>
				<url>jdbc:odbc:Driver={Microsoft Access Driver (*.mdb, *.accdb)}
				</url>
				<classname>sun.jdbc.odbc.JdbcOdbcDriver</classname>
				<userID>root</userID>
				<password>root@123</password>
				<dbname>TestSetDB</dbname>
			</parameters>
		</value>
	</variable>

	<!--Test set access -->

	<variable>
		<name>ExcelTestSetAccess</name>
		<value>
			<classname>cbf.testaccess.ExcelTestSetAccess</classname>
			<parameters>
				<folderpath>
				</folderpath>
			</parameters>
		</value>
	</variable>

	<variable>
		<name>JsonTestSetAccess</name>
		<value>
			<classname>cbf.testaccess.JsonTestSetAccess</classname>
			<parameters>
				<folderpath>
				</folderpath>
			</parameters>
		</value>
	</variable>

	<variable>
		<name>XmlTestSetAccess</name>
		<value>
			<classname>cbf.testaccess.XmlTestSetAccess</classname>
			<parameters>
				<!-- <folderpath>D:\\Shared\\CBF_Testlink\\XmlTestSets</folderpath> -->
				<folderpath>TBD</folderpath>
				<designerFolder>
				</designerFolder>
			</parameters>
		</value>
	</variable>

	<variable>
		<name>AlmTestSetAccess</name>
		<value>
			<classname>cbf.testaccess.AlmTestSetAccess</classname>
			<parameters>
				<!--  <url>http://nbcualm.inbcu.com/qcbin/start_a.jsp</url>--> 
			<url>http://nbcualm.inbcu.com/qcbin/</url> 
				<domain>FILM_AND_WESTCOAST_TELEVISION</domain>
				<project>TVD_WORLDWIDE_CAFE</project>
			</parameters>
		</value>
	</variable>

	<!--Reporters -->

	<variable>
		<name>ScreenDump</name>
		<value>
			<classname>cbf.reporting.ScreenDumpManager</classname>
			<parameters>
				<folderpath>
				</folderpath>
				<pattern>
				</pattern>
			</parameters>
		</value>
	</variable>

	<variable>
		<name>ExcelReport</name>
		<value>
			<classname>cbf.reporting.ExcelReporter</classname>
			<parameters>
				<filepath>
				</filepath>
				<pattern>
				</pattern>
			</parameters>
		</value>
	</variable>

	<variable>
		<name>ResultEventLogger</name>
		<value>
			<classname>cbf.reporting.ResultEventLogger</classname>
			<parameters>
				<filepath>
				</filepath>
			</parameters>
		</value>
	</variable>

	<variable>
		<name>HtmlEvent</name>
		<value>
			<classname>cbf.reporting.HtmlEventReporter</classname>
			<parameters>
				<summaryPath>
				</summaryPath>
				<detailsPath>
				</detailsPath>
				<pattern>
				</pattern>
			</parameters>
		</value>
	</variable>

	<variable>
		<name>EmailAlert</name>
		<value>
			<classname>cbf.reporting.EmailAlerter</classname>
			<parameters>
				<summaryPath>
				</summaryPath>
				<detailsPath>
				</detailsPath>
			</parameters>
		</value>
	</variable>

	<!--Jenkins Reporters -->

	<variable>
		<name>JenkinsScreenDump</name>
		<value>
			<classname>cbf.reporting.ScreenDumpManager</classname>
			<parameters>
				<folderpath>
				</folderpath>
				<pattern>_${Node_Label}.${Browser}.${UniqueUtils.uniqueDate()}.${Browser}
				</pattern>
			</parameters>
		</value>
	</variable>

	<variable>
		<name>JenkinsExcelReport</name>
		<value>
			<classname>cbf.reporting.ExcelReporter</classname>
			<parameters>
				<filepath>
				</filepath>
				<pattern>_${Node_Label}.${Browser}.${UniqueUtils.uniqueDate()}.${Browser}
				</pattern>
			</parameters>
		</value>
	</variable>

	<variable>
		<name>JenkinsHtmlEvent</name>
		<value>
			<classname>cbf.reporting.HtmlEventReporter</classname>
			<parameters>
				<summaryPath>
				</summaryPath>
				<detailsPath>
				</detailsPath>
				<pattern>_${Node_Label}.${Browser}.${UniqueUtils.uniqueDate()}
				</pattern>
			</parameters>
		</value>
	</variable>

	<variable>
		<name>JenkinsResultEventLogger</name>
		<value>
			<classname>cbf.reporting.ResultEventLogger</classname>
			<parameters>
				<filepath>
				</filepath>
				<pattern>
					_${Node_Label}.${Browser}.${UniqueUtils.uniqueDate()}
				</pattern>
			</parameters>
		</value>
	</variable>

	<!--TestLink Reporter -->

	<variable>
		<name>TestLink</name>
		<value>
			<classname>cbf.reporting.TestLinkReporter</classname>
			<parameters>
				<url>http://10.212.21.188:80/testlink/lib/api/xmlrpc/v1/xmlrpc.php
				</url>
				<devkey>7262833d005078a8d884181148d3bd5f</devkey>
			</parameters>
		</value>
	</variable>

	<!--ALM Reporter -->
	<variable>
		<name>AlmReporter</name>
		<value>
			<classname>cbf.reporting.AlmReporter</classname>
			<parameters>
			<!--	<url>http://nbcualm.inbcu.com/qcbin/start_a.jsp</url> -->
			<url>http://nbcualm.inbcu.com/qcbin/</url>
				<domain>FILM_AND_WESTCOAST_TELEVISION</domain>
				<project>TVD_WORLDWIDE_CAFE</project>
				<login_name>206558521</login_name>
				<password>corp@318</password>
				 <attach_level>testcase</attach_level> 
			</parameters>
		</value>
	</variable>


	    <!--Browsers -->

	<variable>
		<name>IE</name>
		<value>
			<classname>cbfx.browsers.IE</classname>
			<parameters>
				<browserdriver>TBD</browserdriver>
			</parameters>
		</value>
	</variable>
	<variable>
		<name>CHROME</name>
		<value>
			<classname>cbfx.browsers.Chrome</classname>
			<parameters>
				<browserdriver>TBD</browserdriver>
			</parameters>
		</value>
	</variable>
	<variable>
		<name>FIREFOX</name>
		<value>
			<classname>cbfx.browsers.Firefox</classname>
			<parameters>
				<browserdriver></browserdriver>
			</parameters>
		</value>
	</variable>
	<variable>
		<name>PhantomJS</name>
		<value>
			<classname>cbfx.browsers.PhantomJS</classname>
			<parameters>
				<browserdriver></browserdriver>
			</parameters>
		</value>
	</variable>

	<!-- EggDriver -->

	<variable>
		<name>EggPlant</name>
		<value>
			<classname>cbfx.selenium.EggUIDriver</classname>
			<parameters>
				<url>10.212.21.28</url>
				<port>5901</port>
				<password>igate</password>
				<suitepath>D:/Workspace/CBF-2.4.0-EggPlant/Test/Sample_EggPlant/Plan/AppDriver/OR/eggplant.suite
				</suitepath>
			</parameters>
		</value>
	</variable>

	<!-- object maps -->

	<variable>
		<name>ExcelMap</name>
		<value>
			<classname>cbfx.objectmaps.ExcelObjectMap</classname>
		</value>
	</variable>

	<variable>
		<name>ExcelModuleMap</name>
		<value>
			<classname>cbfx.objectmaps.ExcelModuleMap</classname>
		</value>
	</variable>

	<variable>
		<name>XmlMap</name>
		<value>
			<classname>cbfx.objectmaps.XmlObjectMap</classname>
		</value>
	</variable>

	<variable>
		<name>DesignerMap</name>
		<value>
			<classname>cbfx.objectmaps.DesignerObjectMap</classname>
		</value>
	</variable>
</plugins>
